修边单价表			
底网	规格	2边修单价	四方修加5分	
T焊	430*430以下	0.06		
	500*380	0.07		
	550*390	0.075		
	546*400	0.075		
	580*390	0.08		
	570*430		0.13	带钩
	600*380	0.08		
	610*390	0.08		
	546*430	0.08	0.13	
	646*400/430	0.09	0.14	
	650*430	0.9	0.14	
	670*430		0.15	带钩
	680*430	0.95	0.145	
	750*390	0.1	0.15	
	760*550		0.22	
	840*500		0.22	
	1066*430		0.3	
	1200*550		0.36	
侧网.	背网			
含430以下均为0.05				
480--含560均为0.055包刮背网同样尺寸				
背网580--610均为0.06				
背网620--650均为0.07				
背网680-690均为0.08				
背网750--0.1				
背网760--840均为0.13				